Month,A,B,C,D,E,F
Jan,0.979767142,0.673104598,0.864458151,1.053850375,1.786300676,0.620861883
Feb,0.670854751,1.134267947,0.04225669,0.137517656,0.985290127,0.018479326
Mar,0.859563277,0.094421715,0.262608127,0.466577824,0.24316095,0.565644769
Apr,0.530636975,1.307387589,0.509426432,0.136473298,0.22518408,0.163803992
May,0.81048347,0.395508371,0.699213281,0.826255734,2.365391819,0.162535606
Jun,2.89332417,0.388939674,0.000623149,0.576927706,0.489279828,0.360718822
